"Reference","Qty","Value","DNP","Exclude from BOM","Exclude from Board","Footprint","Datasheet"
"C1,C2,C3,C4,C5,C6,C7,C8,C9,C10,C11,C12,C13,C14,C15,C16,C17","17","100nF","","","","Capacitor_THT:C_Disc_D5.0mm_W2.5mm_P5.00mm",""
"C18,C20,C22,C24,C26","5","10 uF","","","","Capacitor_THT:CP_Radial_D10.0mm_P5.00mm",""
"C19,C21,C23,C25,C27,C29,C31,C34,C36,C38,C39,C42,C44","13","100nF","","","","Capacitor_THT:C_Disc_D4.7mm_W2.5mm_P5.00mm",""
"C28,C30,C32,C33,C35,C37,C40,C41,C43","9","10 uF","","","","Capacitor_THT:CP_Radial_D10.0mm_P3.80mm",""
"J1","1","right_input","","","","Connector_PinHeader_2.54mm:PinHeader_1x02_P2.54mm_Vertical",""
"J2","1","right_output","","","","Connector_PinHeader_2.54mm:PinHeader_1x02_P2.54mm_Vertical",""
"J3","1","lp_output","","","","Connector_PinHeader_2.54mm:PinHeader_1x02_P2.54mm_Vertical",""
"J4","1","left_input","","","","Connector_PinHeader_2.54mm:PinHeader_1x02_P2.54mm_Vertical",""
"J5","1","left_output","","","","Connector_PinHeader_2.54mm:PinHeader_1x02_P2.54mm_Vertical",""
"J6","1","power-oamp","","","","Connector_PinHeader_2.54mm:PinHeader_1x03_P2.54mm_Vertical",""
"R1,R23","2","1k","","","","Resistor_THT:R_Axial_DIN0309_L9.0mm_D3.2mm_P12.70mm_Horizontal",""
"R2,R24","2","100k","","","","Resistor_THT:R_Axial_DIN0309_L9.0mm_D3.2mm_P12.70mm_Horizontal",""
"R3,R6,R11,R12,R13,R14,R19,R20,R25,R26,R27,R29,R33,R34,R35,R36","16","19.9k","","","","Resistor_THT:R_Axial_DIN0309_L9.0mm_D3.2mm_P12.70mm_Horizontal",""
"R4,R8,R16,R18,R31,R32,R39,R40","8","5.9k","","","","Resistor_THT:R_Axial_DIN0309_L9.0mm_D3.2mm_P12.70mm_Horizontal",""
"R5,R7,R10,R15,R17,R22,R28,R30,R37,R38,R43,R44,R45,R46","14","10k","","","","Resistor_THT:R_Axial_DIN0309_L9.0mm_D3.2mm_P12.70mm_Horizontal",""
"R9,R21,R41,R42","4","15k","","","","Resistor_THT:R_Axial_DIN0309_L9.0mm_D3.2mm_P12.70mm_Horizontal",""
"U1,U2,U3,U4,U6,U7,U8","7","OPA1656ID","","","","Package_DIP:DIP-8_W7.62mm","https://www.ti.com/lit/ds/symlink/opa1656.pdf"
