"Reference","Value","Footprint","Datasheet","Qty","DNP","Exclude from BOM","Exclude from Board"
"C1,C4,C5,C8,C9,C15,C17,C21,C25,C28,C32,C36,C37,C44","10 uF","","~","14","","",""
"C2,C3,C6,C7,C10,C12,C13,C14,C18,C19,C20,C22,C26,C27,C29,C31,C34,C35,C38,C39,C40,C42","100nF","","~","22","","",""
"C11,C30","68nF","","~","2","","",""
"C16,C24,C33,C43","150 nF","","~","4","","",""
"C23,C41","68 nF","","~","2","","",""
"J1","Conn_01x03","4ms_Connector:Pins_1x03_2.54mm_TH_AudioInsRGndL","","1","","",""
"J2,J3,J4,J5,J6,J7","Conn_01x02","4ms_Connector:Pins_1x02_2.54mm_TH","","6","","",""
"R1,R12,R22","1k","","~","3","","",""
"R2,R13","100k","","~","2","","",""
"R3,R4,R7,R8,R14,R15,R18,R19","19.6k","","~","8","","",""
"R5,R10,R11,R16,R21","28k","","~","5","","",""
"R6,R9,R17,R20","14k","","~","4","","",""
"U1,U2,U3,U4,U5,U6,U7","OPA1656ID","Package_SO:SOIC-8_3.9x4.9mm_P1.27mm","https://www.ti.com/lit/ds/symlink/opa1656.pdf","7","","",""
